City_ID,City,Country,Date,Lat,Lng,Max Temp,Humidity,Cloudiness,Wind Speed
0,Puerto Ayora,EC,2022-06-18 19:09:40,-0.7393,-90.3518,80.56,87,100,5.99
1,Padang,ID,2022-06-18 19:13:20,-0.9492,100.3543,77.05,82,44,4.29
2,Vardo,NO,2022-06-18 19:13:21,70.3705,31.1107,40.98,87,100,5.75
3,Carnarvon,AU,2022-06-18 19:11:07,-24.8667,113.6333,67.35,63,100,13.82
4,Severo-Kurilsk,RU,2022-06-18 19:08:58,50.6789,156.125,46.92,97,100,2.42
5,Rikitea,PF,2022-06-18 19:13:21,-23.1203,-134.9692,73.35,67,0,7.02
6,Atuona,PF,2022-06-18 19:13:22,-9.8,-139.0333,77.76,71,39,18.14
7,Santa Cruz,BO,2022-06-18 19:13:23,-17.8,-63.1667,72.86,33,75,13.8
8,Road Town,VG,2022-06-18 19:09:29,18.4167,-64.6167,87.84,62,40,6.91
9,Lokosovo,RU,2022-06-18 19:13:24,61.1333,74.8167,56.75,67,100,4.88
10,La Mana,EC,2022-06-18 19:13:24,-0.9333,-79.2167,78.76,78,100,4.09
11,Yellowknife,CA,2022-06-18 19:09:45,62.456,-114.3525,63.37,55,72,4.61
12,Saint Joseph,US,2022-06-18 19:13:25,39.7686,-94.8466,91.44,66,0,10.36
13,Sur,OM,2022-06-18 19:13:25,22.5667,59.5289,86.25,74,0,18.43
14,Hornepayne,CA,2022-06-18 19:13:26,49.2138,-84.7705,66.88,24,51,8.93
15,Caravelas,BR,2022-06-18 19:13:26,-17.7125,-39.2481,76.8,66,0,8.52
16,Albany,US,2022-06-18 19:09:25,42.6001,-73.9662,60.3,65,91,3.0
17,Bose,IT,2022-06-18 19:13:27,45.4612,8.0137,80.19,67,100,3.65
18,Artsvaberd,AM,2022-06-18 19:13:28,40.8336,45.4711,59.18,80,35,4.5
19,Manzhouli,CN,2022-06-18 19:13:28,49.6,117.4333,63.25,60,100,4.99
20,Mount Barker,AU,2022-06-18 19:13:29,-35.0667,138.8667,53.73,75,100,8.16
21,Sitka,US,2022-06-18 19:12:15,57.0531,-135.33,57.09,62,100,8.05
22,Haines Junction,CA,2022-06-18 19:13:29,60.7522,-137.5108,64.29,39,79,5.21
23,Mangrol,IN,2022-06-18 19:13:29,21.1167,70.1167,84.61,78,92,14.63
24,East London,ZA,2022-06-18 19:13:30,-33.0153,27.9116,65.37,70,100,12.5
25,Punta Arenas,CL,2022-06-18 19:09:46,-53.15,-70.9167,35.11,55,0,14.97
26,Alofi,NU,2022-06-18 19:12:24,-19.0595,-169.9187,79.07,72,100,22.03
27,Erenhot,CN,2022-06-18 19:13:30,43.6475,111.9767,78.04,36,71,13.71
28,Kaitangata,NZ,2022-06-18 19:12:11,-46.2817,169.8464,45.91,92,100,8.55
29,Hobart,AU,2022-06-18 19:09:44,-42.8794,147.3294,48.27,96,100,0.0
30,Labuhan,ID,2022-06-18 19:13:31,-6.8844,112.2051,77.86,86,100,5.41
31,Coralville,US,2022-06-18 19:10:44,41.6764,-91.5805,83.7,36,0,10.36
32,Tuktoyaktuk,CA,2022-06-18 19:10:53,69.4541,-133.0374,40.33,83,100,6.85
33,Del Rio,US,2022-06-18 19:13:32,29.3627,-100.8968,95.4,34,0,13.8
34,Takoradi,GH,2022-06-18 19:13:32,4.8845,-1.7554,74.61,85,100,1.5
35,Bara,NG,2022-06-18 19:13:33,10.3744,10.7288,77.09,69,57,6.44
36,Idlib,SY,2022-06-18 19:13:33,35.9306,36.6339,75.43,51,0,11.01
37,Kanevskaya,RU,2022-06-18 19:13:33,46.0849,38.9596,65.95,61,3,7.96
38,Mataura,NZ,2022-06-18 19:09:32,-46.1927,168.8643,45.48,97,100,4.0
39,Ashland,US,2022-06-18 19:13:34,40.8167,-82.2665,68.54,46,0,15.79
40,Derzhavinsk,KZ,2022-06-18 19:13:34,51.1,66.3167,72.61,52,99,0.4
41,Saint-Philippe,RE,2022-06-18 19:06:46,-21.3585,55.7679,67.59,81,71,8.9
42,Ugep,NG,2022-06-18 19:13:35,5.8086,8.0812,73.9,91,100,3.02
43,San Patricio,US,2022-06-18 19:14:35,28.017,-97.5169,92.07,40,7,16.91
44,Manta,EC,2022-06-18 19:14:36,-0.95,-80.7333,74.98,78,100,10.36
45,Tasiilaq,GL,2022-06-18 19:14:36,65.6145,-37.6368,44.76,86,84,5.03
46,Dossor,KZ,2022-06-18 19:14:36,47.5272,52.9811,79.36,33,89,18.52
47,Kapaa,US,2022-06-18 19:10:50,22.0752,-159.319,79.48,81,20,12.66
48,Athabasca,CA,2022-06-18 19:14:37,54.7169,-113.2854,60.91,94,100,5.12
49,Kodiak,US,2022-06-18 19:14:37,57.79,-152.4072,53.11,71,100,6.91
50,Cherskiy,RU,2022-06-18 19:12:23,68.75,161.3,41.22,74,86,4.76
51,Hasaki,JP,2022-06-18 19:12:10,35.7333,140.8333,66.6,93,100,9.73
52,Busselton,AU,2022-06-18 19:09:43,-33.65,115.3333,59.18,70,86,20.4
53,Ponta Do Sol,PT,2022-06-18 19:14:38,32.6667,-17.1,76.01,79,14,6.29
54,Upernavik,GL,2022-06-18 19:11:01,72.7868,-56.1549,33.42,92,99,25.23
55,Hamilton,US,2022-06-18 19:08:32,39.1834,-84.5333,78.22,38,0,16.11
56,Tecoanapa,MX,2022-06-18 19:14:39,16.5167,-98.75,84.58,64,24,9.95
57,Yar-Sale,RU,2022-06-18 19:14:39,66.8333,70.8333,62.62,51,100,13.67
58,Nouadhibou,MR,2022-06-18 19:14:40,20.931,-17.0347,67.71,88,49,18.52
59,Yaring,TH,2022-06-18 19:14:40,6.8662,101.3689,78.37,84,100,4.05
60,Jamestown,US,2022-06-18 19:14:12,42.097,-79.2353,65.79,41,0,17.27
61,Bluff,NZ,2022-06-18 19:12:11,-46.6,168.3333,45.81,83,100,12.41
62,Ushuaia,AR,2022-06-18 19:05:08,-54.8,-68.3,31.66,74,40,14.97
63,Butaritari,KI,2022-06-18 19:12:19,3.0707,172.7902,80.98,79,27,12.21
64,Arraial Do Cabo,BR,2022-06-18 19:11:00,-22.9661,-42.0278,73.26,83,75,12.66
65,Georgetown,MY,2022-06-18 19:08:20,5.4112,100.3354,79.9,91,20,0.0
66,Lompoc,US,2022-06-18 19:09:48,34.6391,-120.4579,78.69,60,0,20.0
67,Komsomolskiy,UZ,2022-06-18 19:09:45,40.4272,71.7189,77.58,35,100,3.96
68,Ancud,CL,2022-06-18 19:14:41,-41.8697,-73.8203,53.22,92,100,22.3
69,Chicama,PE,2022-06-18 19:14:42,-7.8447,-79.1469,64.94,57,35,10.18
70,Airai,TL,2022-06-18 19:14:42,-8.9266,125.4092,58.71,93,85,3.71
71,Sukhobezvodnoye,RU,2022-06-18 19:14:42,57.0491,44.8891,51.94,95,44,5.03
72,Vaini,TO,2022-06-18 19:09:44,-21.2,-175.2,77.16,88,75,10.36
73,Mecca,SA,2022-06-18 19:14:00,21.4267,39.8261,92.48,36,19,3.62
74,Vostok,RU,2022-06-18 19:10:30,46.4856,135.8833,51.44,98,100,5.73
75,Ust-Barguzin,RU,2022-06-18 19:14:43,53.45,108.9833,47.16,98,100,1.54
76,Cayenne,GF,2022-06-18 19:09:47,4.9333,-52.3333,84.24,13,40,12.66
77,Olafsvik,IS,2022-06-18 19:14:44,64.8945,-23.7142,49.24,70,100,11.9
78,Lakefield,US,2022-06-18 19:14:44,43.6775,-95.1717,88.09,48,0,16.11
79,Orlik,RU,2022-06-18 19:14:44,52.5178,99.825,47.71,78,9,1.19
80,New Norfolk,AU,2022-06-18 19:11:02,-42.7826,147.0587,47.91,87,97,1.21
81,Kerema,PG,2022-06-18 19:14:45,-7.9631,145.7785,78.26,86,100,3.91
82,Avarua,CK,2022-06-18 19:14:45,-21.2078,-159.775,75.25,64,75,8.05
83,Qaqortoq,GL,2022-06-18 19:10:58,60.7167,-46.0333,47.5,69,100,6.51
84,Izumo,JP,2022-06-18 19:14:46,35.3667,132.7667,68.05,94,0,6.44
85,Hilo,US,2022-06-18 19:05:11,19.7297,-155.09,81.25,77,75,5.99
86,Waingapu,ID,2022-06-18 19:14:46,-9.6567,120.2641,76.32,86,97,8.77
87,Pisco,PE,2022-06-18 19:14:46,-13.7,-76.2167,62.65,82,100,10.36
88,Port Hedland,AU,2022-06-18 19:15:47,-20.3167,118.5667,66.25,82,100,0.0
89,Nchelenge,ZM,2022-06-18 19:15:47,-9.3451,28.734,67.17,56,35,4.16
90,Sibu,MY,2022-06-18 19:15:48,2.3,111.8167,75.51,94,40,0.0
91,Qaanaaq,GL,2022-06-18 19:15:48,77.484,-69.3632,39.25,71,91,3.44
92,Chuy,UY,2022-06-18 19:10:52,-33.6971,-53.4616,53.38,41,0,11.41
93,Ushtobe,KZ,2022-06-18 19:15:48,45.2514,77.9838,69.69,29,0,6.96
94,Rioja,AR,2022-06-18 19:11:12,-29.4111,-66.8507,64.9,25,59,3.51
95,Viedma,AR,2022-06-18 19:15:49,-40.8135,-62.9967,53.78,35,43,15.1
96,Comodoro Rivadavia,AR,2022-06-18 19:15:02,-45.8667,-67.5,44.46,81,40,5.75
97,Vrangel,RU,2022-06-18 19:15:49,42.7297,133.0839,59.02,84,5,5.82
98,Redcliffe,AU,2022-06-18 19:15:50,-27.2307,153.0973,53.55,81,0,9.22
99,Santa Maria Del Oro,MX,2022-06-18 19:15:50,25.9333,-105.3667,87.15,17,7,9.26
100,Nyagan,RU,2022-06-18 19:15:51,62.1406,65.3936,64.65,77,91,3.49
101,Half Moon Bay,US,2022-06-18 19:15:51,37.4636,-122.4286,73.89,58,0,19.57
102,Mahebourg,MU,2022-06-18 19:09:46,-20.4081,57.7,69.26,79,13,4.63
103,Flinders,AU,2022-06-18 19:15:51,-34.5833,150.8552,52.38,81,27,10.76
104,Barrow,US,2022-06-18 19:09:38,71.2906,-156.7887,30.22,93,100,4.61
105,Port Alfred,ZA,2022-06-18 19:12:19,-33.5906,26.891,62.06,72,100,13.27
106,Port Hardy,CA,2022-06-18 19:15:52,50.6996,-127.4199,53.78,87,100,5.75
107,Ribeira Grande,PT,2022-06-18 19:12:54,38.5167,-28.7,70.2,78,40,13.8
108,Horadiz,AZ,2022-06-18 19:15:52,39.4488,47.3353,75.13,57,0,5.17
109,Lingyuan,CN,2022-06-18 19:15:53,41.24,119.4011,66.76,94,1,2.46
110,Kita,ML,2022-06-18 19:15:53,13.0349,-9.4895,87.17,45,28,4.05
111,Loiza,PR,2022-06-18 19:15:54,18.4313,-65.8802,91.63,60,20,18.41
112,Wanning,CN,2022-06-18 19:15:54,18.8003,110.3967,82.22,87,63,12.17
113,Buraydah,SA,2022-06-18 19:15:55,26.326,43.975,99.05,9,0,11.36
114,Los Llanos De Aridane,ES,2022-06-18 19:15:55,28.6585,-17.9182,70.12,81,40,20.71
115,Acapulco,MX,2022-06-18 19:11:23,16.8634,-99.8901,84.02,74,100,10.36
116,Bredasdorp,ZA,2022-06-18 19:15:56,-34.5322,20.0403,52.3,79,1,10.89
117,Korla,CN,2022-06-18 19:15:56,41.7597,86.1469,77.0,26,100,8.95
118,Enshi,CN,2022-06-18 19:15:56,30.3,109.4833,72.12,99,100,1.19
119,Ugoofaaru,MV,2022-06-18 19:15:57,5.6667,73.0,82.49,74,56,11.45
120,Rocha,UY,2022-06-18 19:15:57,-34.4833,-54.3333,52.61,45,0,11.61
121,Victoria,HK,2022-06-18 19:14:43,22.2855,114.1577,84.38,86,100,11.01
122,Norman Wells,CA,2022-06-18 19:15:58,65.282,-126.8329,69.84,40,75,10.36
123,Hithadhoo,MV,2022-06-18 19:15:58,-0.6,73.0833,82.81,73,100,6.31
124,Gbadolite,CD,2022-06-18 19:15:58,4.2833,21.0167,71.49,89,100,2.86
125,Cockburn Town,TC,2022-06-18 19:15:59,21.4612,-71.1419,82.13,76,100,13.31
126,Tiarei,PF,2022-06-18 19:15:59,-17.5333,-149.3333,80.62,78,14,18.54
127,Thompson,CA,2022-06-18 19:08:29,55.7435,-97.8558,78.42,21,100,15.19
128,Aleksandriya,RU,2022-06-18 19:16:00,45.0947,43.2456,70.83,55,94,5.64
129,Cidreira,BR,2022-06-18 19:16:00,-30.1811,-50.2056,53.78,57,2,13.24
130,Ahipara,NZ,2022-06-18 19:16:00,-35.1667,173.1667,59.74,88,99,3.33
131,Hermiston,US,2022-06-18 19:13:37,45.8404,-119.2895,66.18,62,100,16.11
132,Hermanus,ZA,2022-06-18 19:09:39,-34.4187,19.2345,49.8,77,5,14.61
133,Husavik,IS,2022-06-18 19:12:21,66.0449,-17.3389,48.0,67,89,10.31
134,Atikokan,CA,2022-06-18 19:16:01,48.7555,-91.6216,75.33,23,49,9.64
135,Ilulissat,GL,2022-06-18 19:09:47,69.2167,-51.1,35.62,87,75,13.8
136,Najran,SA,2022-06-18 19:15:25,17.4924,44.1277,88.45,13,100,2.21
137,Tiksi,RU,2022-06-18 19:17:02,71.6872,128.8694,47.28,99,100,2.75
138,West Wendover,US,2022-06-18 19:17:02,40.7391,-114.0733,78.01,13,0,37.98
139,Evensk,RU,2022-06-18 19:17:02,61.95,159.2333,46.31,91,94,3.94
140,Santa Rosa,PH,2022-06-18 19:17:03,14.3122,121.1114,82.38,84,26,3.2
141,Geraldton,AU,2022-06-18 19:17:03,-28.7667,114.6,63.01,72,40,11.5
142,Oussouye,SN,2022-06-18 19:17:04,12.485,-16.5469,75.38,70,100,11.39
143,Marsh Harbour,BS,2022-06-18 19:12:06,26.5412,-77.0636,80.17,65,7,3.22
144,Talnakh,RU,2022-06-18 19:12:17,69.4865,88.3972,49.17,55,10,8.95
145,Cape Town,ZA,2022-06-18 19:17:05,-33.9258,18.4232,55.89,84,75,4.0
146,Oistins,BB,2022-06-18 19:12:29,13.0667,-59.5333,86.09,66,40,19.57
147,Sao Filipe,CV,2022-06-18 19:17:05,14.8961,-24.4956,75.0,81,95,17.85
148,Trinidad,BO,2022-06-18 19:17:06,-14.8333,-64.9,76.98,47,75,10.36
149,Lavrentiya,RU,2022-06-18 19:17:06,65.5833,-171.0,51.17,50,11,4.54
150,Birpur,IN,2022-06-18 19:17:07,26.5167,87.0167,80.19,84,62,2.15
151,Huarmey,PE,2022-06-18 19:17:07,-10.0681,-78.1522,68.31,65,7,13.85
152,Mar Del Plata,AR,2022-06-18 19:17:07,-38.0023,-57.5575,56.08,45,0,14.97
153,Bathsheba,BB,2022-06-18 19:17:08,13.2167,-59.5167,86.61,66,40,19.57
154,Lenger,KZ,2022-06-18 19:17:09,42.183,69.8839,72.84,25,30,8.41
155,Nampula,MZ,2022-06-18 19:17:10,-15.1165,39.2666,62.55,82,0,6.91
156,Belle Fourche,US,2022-06-18 19:17:10,44.6714,-103.8522,95.34,21,100,16.87
157,Dikson,RU,2022-06-18 19:12:22,73.5069,80.5464,29.55,93,17,11.25
158,Laguna,US,2022-06-18 19:16:48,38.421,-121.4238,75.31,43,0,3.44
159,Keita,NE,2022-06-18 19:17:11,14.7551,5.7749,94.01,31,100,8.28
160,Benguela,AO,2022-06-18 19:17:11,-12.5763,13.4055,67.39,84,81,6.6
161,Lichtenburg,ZA,2022-06-18 19:17:12,-26.152,26.1597,51.28,42,0,8.43
162,Dalvik,IS,2022-06-18 19:17:12,65.9702,-18.5286,57.13,56,95,0.87
163,Troitsko-Pechorsk,RU,2022-06-18 19:17:13,62.7084,56.1964,56.21,77,26,2.62
164,Necochea,AR,2022-06-18 19:17:13,-38.5473,-58.7368,51.87,42,95,14.88
165,Muyezerskiy,RU,2022-06-18 19:17:13,63.9333,31.65,51.08,94,100,3.36
166,Bethel,US,2022-06-18 19:12:18,41.3712,-73.414,66.58,64,100,14.97
167,Mus,TR,2022-06-18 19:17:14,39.0,41.75,65.43,36,0,4.05
168,Leningradskiy,RU,2022-06-18 19:17:14,69.3833,178.4167,38.84,76,83,7.58
169,Tsumeb,NA,2022-06-18 19:17:15,-19.2333,17.7167,64.26,28,0,4.7
170,Pacific Grove,US,2022-06-18 19:17:15,36.6177,-121.9166,71.02,64,0,13.8
171,Xinzhou,CN,2022-06-18 19:17:16,38.4092,112.7333,71.92,59,92,2.39
172,Kavieng,PG,2022-06-18 19:17:16,-2.5744,150.7967,81.37,72,72,10.42
173,Okhotsk,RU,2022-06-18 19:17:17,59.3833,143.3,43.65,92,100,7.9
174,Hambantota,LK,2022-06-18 19:17:17,6.1241,81.1185,79.84,83,99,10.27
175,Saskylakh,RU,2022-06-18 19:12:26,71.9167,114.0833,38.8,95,100,16.67
176,Quatre Cocos,MU,2022-06-18 19:17:18,-20.2078,57.7625,69.1,78,13,5.82
177,Touros,BR,2022-06-18 19:17:18,-5.1989,-35.4608,80.89,69,67,12.03
178,Codrington,AU,2022-06-18 19:12:26,-38.2667,141.9667,43.48,92,22,9.62
179,Mitsamiouli,KM,2022-06-18 19:17:19,-11.3847,43.2844,77.18,69,38,16.44
180,Hovd,MN,2022-06-18 19:09:42,48.0056,91.6419,62.26,32,3,3.65
181,Nishihara,JP,2022-06-18 19:17:19,26.1842,127.7558,80.26,94,100,10.36
182,Mount Isa,AU,2022-06-18 19:13:06,-20.7333,139.5,62.37,55,6,6.91
183,Sakakah,SA,2022-06-18 19:17:20,29.9697,40.2064,101.77,10,0,8.81
184,Inhambane,MZ,2022-06-18 19:18:20,-23.865,35.3833,67.48,73,0,10.65
185,Muisne,EC,2022-06-18 19:16:12,0.6,-80.0333,76.33,84,94,12.44
186,Kuytun,RU,2022-06-18 19:18:21,54.3419,101.5036,53.64,81,99,4.79
187,Iquitos,PE,2022-06-18 19:18:21,-3.7481,-73.2472,89.64,62,75,6.91
188,Vladesti,RO,2022-06-18 19:18:22,45.1167,24.3,60.84,77,16,3.42
189,Gryazi,RU,2022-06-18 19:18:22,52.4966,39.9359,58.28,89,6,3.18
190,Defiance,US,2022-06-18 19:18:23,41.3334,-84.45,75.45,33,0,11.5
191,Khatanga,RU,2022-06-18 19:18:23,71.9667,102.5,38.41,80,100,17.98
192,Lata,PT,2022-06-18 19:18:24,40.1629,-8.3327,63.7,78,98,6.26
193,Peski,RU,2022-06-18 19:18:24,55.2163,38.7626,55.71,84,100,6.15
194,Kidal,ML,2022-06-18 19:18:25,18.4411,1.4078,90.12,32,71,8.3
195,Ostersund,SE,2022-06-18 19:18:25,63.1792,14.6357,48.61,81,40,10.36
196,Atar,MR,2022-06-18 19:18:25,20.5169,-13.0499,98.69,26,79,15.1
197,Chokurdakh,RU,2022-06-18 19:11:05,70.6333,147.9167,44.2,58,100,10.6
198,Itarema,BR,2022-06-18 19:15:32,-2.9248,-39.9167,81.43,76,100,12.46
199,Kieta,PG,2022-06-18 19:18:26,-6.2167,155.6333,78.17,84,100,0.43
200,Khadyzhensk,RU,2022-06-18 19:18:26,44.4256,39.5319,67.93,69,84,1.5
201,Castro,BR,2022-06-18 19:12:14,-24.7911,-50.0119,59.11,57,0,3.96
202,Constitucion,CL,2022-06-18 19:15:56,-35.3333,-72.4167,55.87,56,100,9.64
203,Dunedin,NZ,2022-06-18 19:18:27,-45.8742,170.5036,45.81,76,100,13.0
204,Rouvroy,FR,2022-06-18 19:18:28,50.3925,2.904,78.69,59,37,14.7
205,Naze,JP,2022-06-18 19:18:28,28.3667,129.4833,72.52,90,100,6.91
206,Samarai,PG,2022-06-18 19:18:28,-10.6167,150.6667,80.22,80,36,4.5
207,Salalah,OM,2022-06-18 19:18:29,17.0151,54.0924,86.09,84,75,11.5
208,Vestmanna,FO,2022-06-18 19:18:29,62.1564,-7.1664,47.32,93,100,40.29
209,Zemio,CF,2022-06-18 19:18:30,5.0314,25.1361,68.54,88,100,4.34
210,Vondrozo,MG,2022-06-18 19:18:30,-22.8167,47.2833,59.38,96,100,2.42
211,Camacha,PT,2022-06-18 19:18:31,33.0833,-16.3333,67.42,83,40,11.5
212,Paraiso,CR,2022-06-18 19:18:31,9.8383,-83.8656,73.31,81,70,4.0
213,Saint George,US,2022-06-18 19:18:31,37.1041,-113.5841,93.63,11,0,19.57
214,Tungor,RU,2022-06-18 19:18:32,53.3808,142.9564,44.74,93,100,10.25
215,Presidente Dutra,BR,2022-06-18 19:18:32,-5.29,-44.49,86.68,59,16,4.45
216,Surgut,RU,2022-06-18 19:18:33,61.25,73.4167,55.09,76,0,0.0
217,Tilichiki,RU,2022-06-18 19:18:33,60.4667,166.1,43.83,93,100,1.7
218,Poum,NC,2022-06-18 19:18:33,-20.2333,164.0167,75.06,80,100,3.83
219,Banda Aceh,ID,2022-06-18 19:18:34,5.5577,95.3222,79.05,81,87,3.91
220,Nikolskoye,RU,2022-06-18 19:10:54,59.7035,30.7861,59.88,98,100,7.4
221,Da Nang,VN,2022-06-18 19:18:34,16.0678,108.2208,82.38,83,20,2.3
222,Kathmandu,NP,2022-06-18 19:18:35,27.7167,85.3167,70.02,88,75,2.3
223,Manthani,IN,2022-06-18 19:18:35,18.65,79.6667,88.56,56,100,9.57
224,Meulaboh,ID,2022-06-18 19:18:35,4.1363,96.1285,74.44,90,95,3.78
225,Altay,CN,2022-06-18 19:18:36,47.8667,88.1167,56.95,54,1,3.69
226,Lashio,MM,2022-06-18 19:18:36,22.9333,97.75,66.04,99,98,1.19
227,Broome,US,2022-06-18 19:15:45,42.2506,-75.833,59.54,69,100,12.66
228,San Quintin,MX,2022-06-18 19:18:37,30.4833,-115.95,69.03,61,5,17.63
229,Ormond Beach,US,2022-06-18 19:18:37,29.2858,-81.0559,94.01,64,40,8.05
230,Cap Malheureux,MU,2022-06-18 19:18:37,-19.9842,57.6142,69.48,75,31,3.0
231,Sabara,BR,2022-06-18 19:16:31,-19.8864,-43.8067,77.22,42,0,9.22
232,Port Elizabeth,ZA,2022-06-18 19:11:04,-33.918,25.5701,58.1,92,100,1.99
233,Petukhovo,RU,2022-06-18 19:18:38,55.0692,67.9019,61.56,70,14,7.81
234,Ampanihy,MG,2022-06-18 19:19:38,-24.7,44.75,60.17,75,0,6.29
235,Yerazgavors,AM,2022-06-18 19:19:39,40.7,43.75,59.77,67,2,2.3
236,Lorengau,PG,2022-06-18 19:19:39,-2.0226,147.2712,79.9,74,10,10.51
237,Sao Joao Da Barra,BR,2022-06-18 19:19:40,-21.6403,-41.0511,80.69,55,0,14.83
238,Mehamn,NO,2022-06-18 19:19:40,71.0357,27.8492,42.75,81,100,10.36
239,Lasa,IT,2022-06-18 19:19:40,46.6166,10.7002,79.68,81,10,3.15
240,Bambous Virieux,MU,2022-06-18 19:12:16,-20.3428,57.7575,69.22,78,13,4.92
241,Souillac,MU,2022-06-18 19:12:17,-20.5167,57.5167,71.56,83,15,4.03
242,Bengkulu,ID,2022-06-18 19:19:41,-3.8004,102.2655,75.51,90,63,3.09
243,Sedalia,US,2022-06-18 19:19:42,38.7045,-93.2283,90.75,48,75,9.22
244,Tautira,PF,2022-06-18 19:19:42,-17.7333,-149.15,77.49,81,22,17.29
245,Kudahuvadhoo,MV,2022-06-18 19:19:42,2.6708,72.8944,83.03,75,30,11.03
246,Bagdarin,RU,2022-06-18 19:19:43,54.4333,113.6,54.32,91,100,0.83
247,Pouebo,NC,2022-06-18 19:19:43,-20.4,164.5667,72.46,88,100,4.16
248,Skjervoy,NO,2022-06-18 19:19:43,70.0311,20.9714,57.2,74,6,9.95
249,Margate,GB,2022-06-18 19:10:56,51.3813,1.3862,61.3,81,97,13.0
250,Mount Gambier,AU,2022-06-18 19:19:44,-37.8333,140.7667,43.84,87,100,8.16
251,Ixtapa,MX,2022-06-18 19:19:44,20.7,-105.2,88.23,70,75,8.05
252,Portland,US,2022-06-18 19:15:04,45.5234,-122.6762,61.48,81,75,4.61
253,Bayshore Gardens,US,2022-06-18 19:19:44,27.4253,-82.5904,95.99,59,20,18.41
254,Asau,RO,2022-06-18 19:15:42,46.4333,26.4,61.29,77,4,4.7
255,Smirnykh,RU,2022-06-18 19:19:45,49.75,142.8333,48.16,96,100,4.59
256,Saint-Augustin,CA,2022-06-18 19:14:47,51.226,-58.6502,51.67,99,100,7.94
257,Corn Island,NI,2022-06-18 19:19:45,12.1694,-83.0418,81.43,78,100,8.5
258,Faanui,PF,2022-06-18 19:19:46,-16.4833,-151.75,79.56,76,11,19.8
259,Fort Nelson,CA,2022-06-18 19:19:46,58.8053,-122.7002,63.99,68,75,2.3
260,Neiafu,TO,2022-06-18 19:19:46,-18.65,-173.9833,79.48,73,40,13.8
261,Yerbogachen,RU,2022-06-18 19:19:47,61.2767,108.0108,60.22,55,100,5.73
262,Muzhi,RU,2022-06-18 19:19:47,65.3667,64.6667,62.01,78,100,3.04
263,Plettenberg Bay,ZA,2022-06-18 19:19:47,-34.0527,23.3716,54.79,87,10,8.43
264,Lamlash,GB,2022-06-18 19:19:48,55.5336,-5.1296,55.36,80,8,20.69
265,Mackay,AU,2022-06-18 19:17:37,-21.15,149.2,49.68,65,0,11.86
266,Ginir,ET,2022-06-18 19:19:48,7.1333,40.7,55.67,86,6,5.97
267,Mayo,US,2022-06-18 19:19:49,38.8876,-76.5119,76.03,55,100,18.41
268,Racine,US,2022-06-18 19:18:32,42.7495,-88.0751,72.21,42,6,5.75
269,Guerrero Negro,MX,2022-06-18 19:19:49,27.9769,-114.0611,73.09,57,0,13.53
270,Teodoro Sampaio,BR,2022-06-18 19:19:50,-22.5325,-52.1675,68.32,46,0,6.69
271,Hit,IQ,2022-06-18 19:19:50,33.6416,42.8251,101.61,12,0,6.15
272,Provideniya,RU,2022-06-18 19:19:50,64.3833,-173.3,54.19,47,12,3.85
273,Cairns,AU,2022-06-18 19:19:51,-16.9167,145.7667,67.95,73,20,9.22
274,Batagay-Alyta,RU,2022-06-18 19:19:51,67.8006,130.4114,58.68,44,100,7.52
275,Brigantine,US,2022-06-18 19:19:52,39.4101,-74.3646,73.6,54,75,18.41
276,Adre,TD,2022-06-18 19:19:52,13.4667,22.2,88.16,30,100,7.99
277,Ambilobe,MG,2022-06-18 19:19:52,-13.2,49.05,69.6,88,1,2.77
278,Saint-Pierre,RE,2022-06-18 19:19:53,-21.3393,55.4781,67.91,77,75,8.05
279,Pevek,RU,2022-06-18 19:19:53,69.7008,170.3133,34.48,84,100,3.94
280,Taitung,TW,2022-06-18 19:19:54,22.7583,121.1444,81.93,66,73,3.42
281,Kirakira,SB,2022-06-18 19:20:54,-10.4544,161.9205,78.35,85,99,7.61
282,Bilma,NE,2022-06-18 19:20:54,18.6853,12.9164,94.71,10,0,11.45
283,Sungaipenuh,ID,2022-06-18 19:20:55,-2.0833,101.3833,63.68,97,96,2.51
284,San Cristobal,VE,2022-06-18 19:17:23,7.7669,-72.225,80.78,53,19,7.96
285,Ust-Kuyga,RU,2022-06-18 19:20:55,70.0167,135.6,58.44,53,100,12.17
286,Fortuna,US,2022-06-18 19:17:43,40.5982,-124.1573,65.93,62,40,12.66
287,Harper,LR,2022-06-18 19:20:56,4.375,-7.7169,77.81,71,25,7.63
288,Havelock,US,2022-06-18 19:17:14,34.8791,-76.9013,90.99,55,40,9.22
289,Berdigestyakh,RU,2022-06-18 19:20:56,62.0989,126.6992,53.04,77,68,3.96
290,Qarayeri,AZ,2022-06-18 19:20:57,40.7886,46.3066,77.41,50,53,4.65
291,Port Macquarie,AU,2022-06-18 19:19:17,-31.4333,152.9167,59.02,83,93,9.89
292,Biratnagar,NP,2022-06-18 19:20:57,26.4831,87.2834,79.43,88,93,6.17
293,Hanzhong,CN,2022-06-18 19:20:58,33.0728,107.0303,71.44,71,100,0.27
294,Rehoboth,NA,2022-06-18 19:20:58,-23.3167,17.0833,55.35,45,0,8.63
295,Antofagasta,CL,2022-06-18 19:16:03,-23.65,-70.4,60.08,69,63,5.57
296,Lagoa,PT,2022-06-18 19:20:59,39.05,-27.9833,64.47,85,98,17.67
297,Noumea,NC,2022-06-18 19:20:59,-22.2763,166.4572,73.0,99,100,3.65
298,Tsiroanomandidy,MG,2022-06-18 19:18:18,-18.7667,46.0333,66.72,58,98,1.12
299,Lebu,CL,2022-06-18 19:20:59,-37.6167,-73.65,49.37,65,100,0.85
300,Yarmouth,US,2022-06-18 19:17:41,41.7057,-70.2286,71.02,55,0,16.11
301,Huntington,US,2022-06-18 19:21:00,38.4193,-82.4452,76.87,43,0,12.66
302,Iquique,CL,2022-06-18 19:21:00,-20.2208,-70.1431,62.64,67,47,6.15
303,Baracoa,CU,2022-06-18 19:21:01,20.3467,-74.4958,81.72,76,100,5.37
304,Tahe,CN,2022-06-18 19:21:01,52.3333,124.7333,51.28,69,1,2.66
305,Russell,US,2022-06-18 19:21:01,32.3502,-85.1999,96.08,38,0,13.8
306,Oktyabrskoye,RU,2022-06-18 19:21:02,43.0645,44.7417,68.14,78,52,6.71
307,Neuquen,AR,2022-06-18 19:16:42,-38.9516,-68.0591,58.89,31,0,10.36
308,Noyabrsk,RU,2022-06-18 19:21:03,63.1994,75.4507,59.14,57,99,6.69
309,Daru,PG,2022-06-18 19:21:03,-9.0763,143.2092,78.17,88,100,14.9
310,Riyadh,SA,2022-06-18 19:21:04,24.6877,46.7219,100.54,7,0,2.89
311,Kolondieba,ML,2022-06-18 19:21:04,11.0882,-6.8926,78.44,65,69,6.26
312,Zhetysay,KZ,2022-06-18 19:21:05,40.7333,68.3,81.61,22,0,4.36
313,Phek,IN,2022-06-18 19:21:05,25.6667,94.5,57.27,99,50,2.17
314,Boguchany,RU,2022-06-18 19:21:06,58.3814,97.4531,59.09,93,100,3.98
315,Nong Phai,TH,2022-06-18 19:21:06,15.9903,101.0618,78.55,77,49,1.57
316,Turukhansk,RU,2022-06-18 19:12:14,65.8167,87.9833,50.49,63,7,9.75
317,Vanavara,RU,2022-06-18 19:21:07,60.34,102.2797,57.76,92,100,1.43
318,Jinchang,CN,2022-06-18 19:21:07,38.4953,102.1739,72.01,34,100,15.52
319,Vila Velha,BR,2022-06-18 19:16:32,-20.3297,-40.2925,84.15,58,0,8.05
320,Vila,PT,2022-06-18 19:21:08,42.0304,-8.1588,56.28,86,100,4.81
321,Roma,US,2022-06-18 19:21:08,43.2128,-75.4557,57.58,75,97,5.99
322,Luderitz,NA,2022-06-18 19:21:09,-26.6481,15.1594,59.05,85,7,9.69
323,Paka,MY,2022-06-18 19:21:09,4.6374,103.4368,76.93,94,99,0.0
324,Leshukonskoye,RU,2022-06-18 19:21:09,64.8989,45.7622,48.07,96,100,6.89
325,Luganville,VU,2022-06-18 19:21:10,-15.5333,167.1667,77.29,83,95,3.2
326,Ayagoz,KZ,2022-06-18 19:21:10,47.9714,80.4392,57.7,76,91,1.19
327,Ukiah,US,2022-06-18 19:20:02,39.1502,-123.2078,68.38,44,0,8.05
328,Anadyr,RU,2022-06-18 19:22:11,64.75,177.4833,52.3,71,100,4.47
329,Coquimbo,CL,2022-06-18 19:19:01,-29.9533,-71.3436,60.53,67,0,12.66
330,Rio Gallegos,AR,2022-06-18 19:17:22,-51.6226,-69.2181,35.65,51,20,23.02
331,Palmer,US,2022-06-18 19:22:12,42.1584,-72.3287,64.81,60,100,19.57
332,San Francisco,US,2022-06-18 19:20:12,37.7749,-122.4194,73.02,62,20,19.57
333,Solano,US,2022-06-18 19:22:13,38.2333,-121.9511,75.52,44,0,4.61
334,Moyale,KE,2022-06-18 19:22:13,3.5167,39.0584,66.13,66,54,4.21
335,Port Augusta,AU,2022-06-18 19:19:23,-32.5,137.7667,53.76,58,100,9.78
336,Kazachinskoye,RU,2022-06-18 19:22:13,57.6953,93.2761,53.28,96,9,2.71
337,Aripuana,BR,2022-06-18 19:22:14,-9.1667,-60.6333,91.31,32,64,3.53
338,Bambanglipuro,ID,2022-06-18 19:22:14,-7.95,110.2833,75.67,91,81,3.98
339,Tura,IN,2022-06-18 19:22:15,25.5198,90.2201,72.55,98,95,5.3
340,Nyurba,RU,2022-06-18 19:22:15,63.2842,118.3319,55.22,70,100,5.03
341,Longyearbyen,SJ,2022-06-18 19:22:16,78.2186,15.6401,40.84,81,75,14.97
342,Mount Pleasant,US,2022-06-18 19:21:35,32.7941,-79.8626,95.07,45,0,10.36
343,Pacifica,US,2022-06-18 19:22:16,37.6138,-122.4869,72.68,68,20,19.57
344,Mezen,RU,2022-06-18 19:22:17,65.8522,44.24,47.71,80,100,6.96
345,Darhan,MN,2022-06-18 19:22:17,49.4867,105.9228,60.24,79,100,10.16
346,Esmeraldas,BR,2022-06-18 19:22:18,-19.7625,-44.3139,77.11,33,79,6.53
347,Khandagayty,RU,2022-06-18 19:22:18,50.7333,92.05,57.36,64,100,5.21
348,Ekhabi,RU,2022-06-18 19:22:19,53.5102,142.9671,44.35,93,100,10.42
349,Voznesenye,RU,2022-06-18 19:22:19,61.0106,35.4781,51.71,81,100,5.88
350,Pangnirtung,CA,2022-06-18 19:22:20,66.1451,-65.7125,44.6,70,20,13.8
351,Berlevag,NO,2022-06-18 19:22:21,70.8578,29.0864,42.8,87,100,10.36
352,Savelugu,GH,2022-06-18 19:22:22,9.6244,-0.8253,78.28,77,100,3.22
353,Martapura,ID,2022-06-18 19:22:22,-3.4167,114.85,73.49,100,97,2.3
354,Oranjemund,NA,2022-06-18 19:22:22,-28.55,16.4333,56.07,86,1,6.17
355,Nome,US,2022-06-18 19:20:10,64.5011,-165.4064,64.11,58,0,5.75
356,Burdur,TR,2022-06-18 19:22:23,37.7203,30.2908,66.9,68,40,28.77
357,Raudeberg,NO,2022-06-18 19:22:24,61.9875,5.1352,50.95,85,100,26.42
358,Sayyan,YE,2022-06-18 19:22:24,15.1718,44.3244,67.82,22,50,3.09
359,Broken Hill,AU,2022-06-18 19:22:24,-31.95,141.4333,48.58,73,100,7.0
360,Carbonia,IT,2022-06-18 19:22:25,39.1672,8.5222,81.55,53,15,4.68
361,Falmouth,GB,2022-06-18 19:22:26,50.1544,-5.0711,52.7,93,100,11.5
362,Port Hawkesbury,CA,2022-06-18 19:22:26,45.6169,-61.3485,72.9,81,0,12.66
363,Narsaq,GL,2022-06-18 19:21:18,60.9167,-46.05,59.22,65,100,3.8
364,Hukuntsi,BW,2022-06-18 19:22:27,-24.0,21.75,62.1,25,0,11.81
365,Yenagoa,NG,2022-06-18 19:22:27,4.9247,6.2642,74.01,95,100,4.36
366,Nantucket,US,2022-06-18 19:22:28,41.2835,-70.0995,69.94,59,100,8.05
367,Svodin,SK,2022-06-18 19:22:28,47.9105,18.4997,71.08,60,9,4.68
368,Coihaique,CL,2022-06-18 19:22:29,-45.5752,-72.0662,45.21,53,40,6.91
369,Itaituba,BR,2022-06-18 19:22:29,-4.2761,-55.9836,93.36,52,40,3.44
370,Moa,CU,2022-06-18 19:22:30,20.6569,-74.9403,77.11,87,100,7.14
371,Solnechnyy,RU,2022-06-18 19:22:30,50.7214,136.6319,52.32,98,100,5.26
372,Monroe,US,2022-06-18 19:20:57,43.1501,-77.6831,66.36,47,40,20.71
373,Bubaque,GW,2022-06-18 19:23:31,11.2833,-15.8333,76.5,81,100,10.18
374,Sao Jose Da Coroa Grande,BR,2022-06-18 19:23:31,-8.8978,-35.1478,79.12,76,25,6.58
375,Pyapon,MM,2022-06-18 19:23:32,16.2833,95.6833,79.99,85,99,7.02
376,Katsuura,JP,2022-06-18 19:23:32,35.1333,140.3,68.02,91,100,7.58
377,Crevalcore,IT,2022-06-18 19:23:32,44.7206,11.1498,80.78,52,43,8.72
378,Tual,ID,2022-06-18 19:23:33,-5.6667,132.75,81.73,79,100,17.67
379,Kozhva,RU,2022-06-18 19:23:33,65.1073,57.0459,60.67,65,94,5.84
380,Shakhtinsk,KZ,2022-06-18 19:23:34,49.71,72.5872,64.53,57,82,3.69
381,Tarifa,ES,2022-06-18 19:23:34,36.0139,-5.607,76.95,74,0,11.45
382,Aykino,RU,2022-06-18 19:23:35,62.2248,49.9922,49.77,94,8,5.08
383,Kavaratti,IN,2022-06-18 19:23:35,10.5669,72.642,81.79,69,100,11.81
384,Hailar,CN,2022-06-18 19:23:35,49.2,119.7,64.33,39,100,5.1
385,Lewistown,US,2022-06-18 19:23:36,40.5992,-77.5714,74.16,70,0,13.8
386,Kathu,TH,2022-06-18 19:23:36,7.9178,98.3332,86.76,85,63,9.57
387,Saldanha,ZA,2022-06-18 19:23:37,-33.0117,17.9442,53.65,69,12,9.42
388,Saltabarranca,MX,2022-06-18 19:23:37,18.6,-95.5333,84.33,65,100,11.45
389,Takab,IR,2022-06-18 19:23:37,36.4009,47.1133,70.34,19,0,4.7
390,Pontian Kecil,MY,2022-06-18 19:23:38,1.4801,103.3899,73.72,87,99,1.41
391,Koumac,NC,2022-06-18 19:23:38,-20.5667,164.2833,72.95,86,100,2.33
392,Umuahia,NG,2022-06-18 19:23:39,5.5263,7.4896,73.17,94,100,3.62
393,Manyana,BW,2022-06-18 19:23:39,-23.4,21.7167,60.22,25,0,9.69
394,Santa Maria,BR,2022-06-18 19:21:04,-29.6842,-53.8069,54.7,47,0,5.75
395,Dwarka,IN,2022-06-18 19:23:40,22.2394,68.9678,85.12,80,10,15.03
396,Coahuayana,MX,2022-06-18 19:23:40,18.7333,-103.6833,87.4,54,91,4.21
397,Torbay,CA,2022-06-18 19:23:40,47.6666,-52.7314,61.75,74,100,18.68
398,Ihosy,MG,2022-06-18 19:23:41,-22.4,46.1167,56.3,94,11,5.19
399,Hoa Binh,VN,2022-06-18 19:21:58,20.8133,105.3383,78.91,76,80,4.88
400,Cristobal Obregon,MX,2022-06-18 19:23:41,16.35,-93.5333,79.59,69,100,5.97
401,College,US,2022-06-18 19:23:42,64.8569,-147.8028,70.47,56,75,8.05
402,Ostrowiec Swietokrzyski,PL,2022-06-18 19:23:42,50.9294,21.3853,64.78,73,0,7.87
403,Mananjary,MG,2022-06-18 19:23:42,-21.2167,48.3333,68.79,85,100,3.29
404,Malayal,PH,2022-06-18 19:23:43,7.208,121.942,78.89,84,100,2.28
405,Bandarbeyla,SO,2022-06-18 19:23:43,9.4942,50.8122,77.94,71,98,28.9
406,Iqaluit,CA,2022-06-18 19:23:44,63.7506,-68.5145,47.93,49,20,8.05
407,Sibolga,ID,2022-06-18 19:23:44,1.7427,98.7792,74.66,91,100,3.13
408,Paamiut,GL,2022-06-18 19:23:45,61.994,-49.6678,42.67,82,100,15.77
409,General Delgado,PY,2022-06-18 19:23:45,-27.1667,-56.5167,56.71,49,3,3.85
410,Wanaka,NZ,2022-06-18 19:23:45,-44.7,169.15,31.1,97,74,5.01
411,Ballina,AU,2022-06-18 19:23:46,-28.8667,153.5667,58.01,84,77,8.66
412,Samana,DO,2022-06-18 19:23:46,19.2056,-69.3369,89.82,66,40,6.91
413,Sioux Lookout,CA,2022-06-18 19:23:46,50.1001,-91.917,69.87,37,75,11.5
414,Djibo,BF,2022-06-18 19:23:47,14.1022,-1.6306,89.85,41,93,3.51
415,Aswan,EG,2022-06-18 19:23:47,24.0934,32.907,97.9,20,0,11.5
416,Damghan,IR,2022-06-18 19:23:48,36.1683,54.348,78.75,41,0,3.94
417,Corsicana,US,2022-06-18 19:23:48,32.0954,-96.4689,96.62,51,40,1.99
418,Kati,ML,2022-06-18 19:23:48,12.7441,-8.0726,85.41,43,59,4.85
419,Ottawa,CA,2022-06-18 19:22:05,45.4112,-75.6981,62.67,54,75,27.63
420,Vila Franca Do Campo,PT,2022-06-18 19:24:49,37.7167,-25.4333,66.61,74,0,13.09
421,Varna,BG,2022-06-18 19:24:49,43.2167,27.9167,63.88,96,1,4.61
422,Te Anau,NZ,2022-06-18 19:24:50,-45.4167,167.7167,37.96,95,98,1.12
423,Beringovskiy,RU,2022-06-18 19:24:50,63.05,179.3167,49.1,73,100,8.61
424,Sooke,CA,2022-06-18 19:24:50,48.3746,-123.7276,62.02,71,94,9.71
425,Ponta Delgada,PT,2022-06-18 19:24:51,37.7333,-25.6667,66.92,72,40,17.27
426,Esperance,AU,2022-06-18 19:24:51,-33.8667,121.9,51.64,72,42,23.26
427,Hofn,IS,2022-06-18 19:24:51,64.2539,-15.2082,54.88,50,7,21.9
428,Mahon,ES,2022-06-18 19:24:52,39.8885,4.2658,77.56,78,0,9.22
429,Khor,RU,2022-06-18 19:24:52,47.8861,134.9464,55.53,97,100,7.31
430,Svetlaya,RU,2022-06-18 19:24:52,46.5389,138.3297,51.21,97,78,1.25
431,Namibe,AO,2022-06-18 19:24:53,-15.1961,12.1522,62.46,87,14,7.27
432,George,ZA,2022-06-18 19:24:53,-33.963,22.4617,53.15,82,20,4.61
433,Udachnyy,RU,2022-06-18 19:24:53,66.4167,112.4,53.46,100,100,11.79
434,Moses Lake,US,2022-06-18 19:24:54,47.1301,-119.2781,70.48,42,75,11.5
435,Constantine,DZ,2022-06-18 19:24:54,36.365,6.6147,81.81,34,0,11.5
436,Muravlenko,RU,2022-06-18 19:24:54,63.7898,74.523,61.57,50,100,7.34
437,Brae,GB,2022-06-18 19:24:55,60.3964,-1.353,50.4,94,100,22.17
438,Yumen,CN,2022-06-18 19:24:55,40.2833,97.2,70.95,32,100,10.45
439,Muros,ES,2022-06-18 19:24:55,42.7762,-9.0603,67.08,79,100,2.68
440,Nueva Concepcion,GT,2022-06-18 19:24:56,14.2,-91.3,81.84,78,100,5.93
441,Port Lincoln,AU,2022-06-18 19:24:56,-34.7333,135.8667,55.94,75,100,19.01
442,Avera,US,2022-06-18 19:24:56,33.194,-82.5271,96.55,26,29,6.55
443,Ganzhou,CN,2022-06-18 19:24:57,28.8184,115.4327,74.5,99,100,3.0
444,Asyut,EG,2022-06-18 19:24:57,27.181,31.1837,87.98,22,0,12.62
445,Pangody,RU,2022-06-18 19:24:57,65.85,74.4859,62.15,54,100,10.54
446,Auki,SB,2022-06-18 19:24:58,-8.7676,160.7034,76.03,87,64,3.98
447,Antsohihy,MG,2022-06-18 19:24:58,-14.8796,47.9875,70.18,86,8,1.32
448,Rafraf,TN,2022-06-18 19:24:58,37.1904,10.1837,75.52,79,20,11.52
449,Synya,RU,2022-06-18 19:24:59,65.3718,58.0387,56.35,87,30,5.17
450,Miyako,JP,2022-06-18 19:24:59,39.6367,141.9525,63.19,82,0,2.82
451,Kaili,ID,2022-06-18 19:25:00,-3.4626,120.2147,65.98,98,100,1.68
452,Tiptur,IN,2022-06-18 19:25:00,13.2586,76.4783,72.07,86,100,10.65
453,Qingdao,CN,2022-06-18 19:20:56,36.0986,120.3719,73.0,88,6,4.47
454,Pozhva,RU,2022-06-18 19:25:00,59.0912,56.0847,57.97,78,84,4.05
455,Ulaanbaatar,MN,2022-06-18 19:24:42,47.9077,106.8832,64.53,72,40,4.47
456,Aklavik,CA,2022-06-18 19:25:01,68.2191,-135.0107,59.0,51,75,9.22
457,Ekibastuz,KZ,2022-06-18 19:21:11,51.6667,75.3667,68.04,52,100,4.88
458,Utete,TZ,2022-06-18 19:25:01,-7.986,38.758,69.69,92,100,3.56
459,Buchanan,LR,2022-06-18 19:25:02,5.8808,-10.0467,78.24,76,20,8.08
460,Yulara,AU,2022-06-18 19:25:02,-25.2406,130.9889,59.29,36,100,7.43
461,Kasempa,ZM,2022-06-18 19:25:02,-13.4584,25.8338,60.03,55,54,4.27
462,Havre-Saint-Pierre,CA,2022-06-18 19:25:04,50.2334,-63.5986,57.56,94,100,3.44
463,Mayuge,UG,2022-06-18 19:25:05,0.4597,33.4803,68.43,71,100,1.57
464,Nanortalik,GL,2022-06-18 19:25:05,60.1432,-45.2371,47.8,72,100,13.78
465,Manhattan,US,2022-06-18 19:20:45,40.7834,-73.9662,69.42,54,100,23.02
466,Payson,US,2022-06-18 19:25:53,40.0444,-111.7321,83.59,24,0,16.11
467,Kamenka,RU,2022-06-18 19:26:06,51.3223,42.7678,58.82,88,18,4.23
468,Castrillon,ES,2022-06-18 19:26:06,43.3979,-6.7922,60.37,93,100,2.19
469,Katangli,RU,2022-06-18 19:26:06,51.7102,143.2326,44.49,92,100,11.95
470,Himatangi,NZ,2022-06-18 19:26:07,-40.4,175.3167,49.86,78,100,6.62
471,Tabas,IR,2022-06-18 19:26:07,33.5959,56.9244,89.98,15,0,5.86
472,Batemans Bay,AU,2022-06-18 19:26:08,-35.7167,150.1833,52.11,93,16,5.66
473,Verkhoturye,RU,2022-06-18 19:26:08,58.8627,60.8054,58.6,95,100,3.78
474,Kysyl-Syr,RU,2022-06-18 19:26:08,63.8986,122.7617,56.7,67,99,5.1
475,Tupik,RU,2022-06-18 19:26:09,54.4253,119.9327,56.44,64,96,0.87
476,The Pas,CA,2022-06-18 19:26:09,53.8251,-101.2541,71.62,53,100,19.57
477,Lososina,RU,2022-06-18 19:26:10,48.9975,140.3106,49.98,99,100,2.35
478,Roald,NO,2022-06-18 19:26:10,62.5833,6.1333,57.99,62,40,9.22
479,Ginda,IN,2022-06-18 19:26:11,30.6945,78.4932,61.03,75,94,4.16
480,Beloha,MG,2022-06-18 19:26:11,-25.1667,45.05,60.76,72,0,5.28
481,Nerchinsk,RU,2022-06-18 19:26:12,51.9833,116.5833,59.85,56,100,3.38
482,Canmore,CA,2022-06-18 19:26:13,51.0834,-115.3521,60.28,55,9,5.75
483,Kemi,FI,2022-06-18 19:26:13,65.8596,24.8228,55.17,82,100,3.44
484,Angoche,MZ,2022-06-18 19:26:13,-16.2325,39.9086,72.41,60,96,9.33
485,Namatanai,PG,2022-06-18 19:26:14,-3.6667,152.4333,77.88,81,10,5.06
486,Richards Bay,ZA,2022-06-18 19:26:14,-28.783,32.0377,65.23,65,0,12.5
487,Cabedelo,BR,2022-06-18 19:26:15,-6.9811,-34.8339,83.07,78,74,8.97
488,Khurai,IN,2022-06-18 19:26:15,24.0436,78.3319,79.0,79,100,9.35
489,Rio Grande,BR,2022-06-18 19:26:16,-32.035,-52.0986,55.51,55,0,12.17
490,Sao Gabriel Da Cachoeira,BR,2022-06-18 19:26:16,-0.1303,-67.0892,89.4,58,40,8.05
491,Henties Bay,NA,2022-06-18 19:26:16,-22.116,14.2845,56.59,94,3,9.42
492,Limbang,MY,2022-06-18 19:26:17,4.75,115.0,75.31,97,100,2.21
493,Olinda,BR,2022-06-18 19:26:17,-8.0089,-34.8553,82.13,65,20,6.91
494,San-Pedro,CI,2022-06-18 19:26:18,4.7485,-6.6363,77.41,79,93,4.76
495,Humberto De Campos,BR,2022-06-18 19:26:18,-2.5983,-43.4611,83.44,71,64,6.4
496,Kaitong,CN,2022-06-18 19:26:19,44.8135,123.15,69.96,73,73,9.31
497,Whithorn,JM,2022-06-18 19:26:19,18.2604,-78.0378,82.44,67,100,6.13
498,Zhigansk,RU,2022-06-18 19:26:19,66.7697,123.3711,61.59,46,99,18.63
499,Moratuwa,LK,2022-06-18 19:26:20,6.773,79.8816,77.02,85,100,5.95
500,Ygatimi,PY,2022-06-18 19:26:20,-24.0833,-55.5,65.01,37,0,3.56
501,Nouna,BF,2022-06-18 19:26:21,12.7333,-3.8667,79.36,70,100,0.72
502,Ankazoabo,MG,2022-06-18 19:26:21,-22.2833,44.5167,60.82,49,0,9.19
503,Fare,PF,2022-06-18 19:26:21,-16.7,-151.0167,79.05,77,7,18.1
504,Liverpool,GB,2022-06-18 19:26:22,53.4106,-2.9779,57.15,67,20,9.22
505,Sistranda,NO,2022-06-18 19:26:22,63.7256,8.834,51.76,78,40,10.47
506,Molteno,ZA,2022-06-18 19:26:23,-31.3968,26.3625,46.49,36,100,6.13
507,Elizabeth City,US,2022-06-18 19:26:23,36.2946,-76.2511,88.02,49,40,14.97
508,Ucluelet,CA,2022-06-18 19:26:23,48.9329,-125.5528,56.08,88,100,1.01
509,Skibbereen,IE,2022-06-18 19:26:24,51.55,-9.2667,57.11,64,100,13.11
510,Lodja,CD,2022-06-18 19:26:24,-3.4833,23.4333,70.61,93,76,3.09
511,Chauk,MM,2022-06-18 19:26:25,20.8833,94.8167,81.21,72,100,13.82
512,Zhanaozen,KZ,2022-06-18 19:27:25,43.3,52.8,76.39,30,0,15.17
513,Yambio,SS,2022-06-18 19:27:26,4.5721,28.3955,68.41,95,97,5.14
514,Darab,IR,2022-06-18 19:27:26,28.7519,54.5444,90.14,9,4,5.5
515,Prince Rupert,CA,2022-06-18 19:27:15,54.3161,-130.3201,53.69,85,100,6.91
516,Kaeo,NZ,2022-06-18 19:27:26,-35.1,173.7833,57.33,97,87,3.22
517,Tagusao,PH,2022-06-18 19:27:27,9.1924,117.8141,80.19,79,100,3.74
518,Maningrida,AU,2022-06-18 19:27:27,-12.0667,134.2667,65.55,96,37,7.7
519,Klaksvik,FO,2022-06-18 19:27:28,62.2266,-6.589,49.12,95,100,34.43
520,Clarence Town,AU,2022-06-18 19:27:28,-32.5833,151.7833,55.62,95,100,3.44
521,Sri Aman,MY,2022-06-18 19:27:28,1.2376,111.4621,73.45,100,99,0.0
522,Faya,SA,2022-06-18 19:27:29,18.3851,42.4509,73.51,30,100,2.86
523,Perelyub,RU,2022-06-18 19:27:29,51.8667,50.3667,63.64,66,59,5.79
524,Poddorye,RU,2022-06-18 19:27:29,57.4695,31.1156,56.53,95,100,6.58
525,Prescott Valley,US,2022-06-18 19:27:30,34.5894,-112.3252,85.71,27,0,20.71
526,Dhidhdhoo,MV,2022-06-18 19:27:30,6.8833,73.1,81.79,77,100,12.3
527,Dingle,PH,2022-06-18 19:27:31,10.9995,122.6711,77.65,88,57,2.06
528,Anenecuilco,MX,2022-06-18 19:27:31,18.7667,-98.9833,84.74,36,17,5.77
529,Praya,CV,2022-06-18 19:27:31,14.9215,-23.5087,77.54,73,75,13.8
530,Hualmay,PE,2022-06-18 19:27:32,-11.0964,-77.6139,67.03,65,6,13.51
531,Tommot,RU,2022-06-18 19:27:32,58.9564,126.2925,48.11,86,89,2.06
532,Jining,CN,2022-06-18 19:27:33,35.405,116.5814,83.84,45,0,5.1
533,Bowen,AU,2022-06-18 19:27:33,-20.0167,148.2333,57.16,66,3,8.3
534,Jardim,BR,2022-06-18 19:27:33,-21.4803,-56.1381,70.7,36,0,5.06
535,Cuitzeo,MX,2022-06-18 19:27:34,20.3333,-102.7833,81.63,49,10,3.56
536,Kununurra,AU,2022-06-18 19:27:34,-15.7667,128.7333,55.38,88,0,3.44
537,Meadow Lake,US,2022-06-18 19:27:35,34.8014,-106.5436,86.7,45,19,5.66
538,Seoul,KR,2022-06-18 19:26:39,37.5683,126.9778,71.2,85,75,4.61
539,Port-Gentil,GA,2022-06-18 19:27:35,-0.7193,8.7815,75.16,83,20,6.91
540,Lichinga,MZ,2022-06-18 19:27:36,-13.3128,35.2406,59.09,82,0,5.75
541,Omboue,GA,2022-06-18 19:27:36,-1.5746,9.2618,72.91,81,68,7.74
542,Opuwo,NA,2022-06-18 19:27:36,-18.0607,13.84,62.82,45,0,7.43
543,Awbari,LY,2022-06-18 19:27:37,26.5921,12.7805,85.12,16,0,7.61
544,Taoudenni,ML,2022-06-18 19:27:37,22.6783,-3.9836,95.0,22,100,10.89
545,Winslow,US,2022-06-18 19:27:37,35.0242,-110.6974,84.38,24,20,23.02
546,Kuusamo,FI,2022-06-18 19:27:38,65.9667,29.1833,51.84,62,0,9.22
547,Barra Do Garcas,BR,2022-06-18 19:27:38,-15.89,-52.2567,88.38,45,75,9.22
548,Ceres,US,2022-06-18 19:27:39,37.5949,-120.9577,71.87,37,0,10.36
549,Taree,AU,2022-06-18 19:27:39,-31.9,152.4667,54.1,94,94,4.05
550,Mormugao,IN,2022-06-18 19:27:39,15.4,73.8,81.03,75,100,5.12
551,Chongoyape,PE,2022-06-18 19:27:40,-6.6406,-79.3892,81.86,46,83,8.14
552,Haren,DE,2022-06-18 19:27:40,52.7833,7.2333,64.15,73,99,13.06
553,Vanimo,PG,2022-06-18 19:27:41,-2.6741,141.3028,76.62,88,100,5.06
554,Killybegs,IE,2022-06-18 19:27:41,54.6333,-8.45,53.31,78,19,20.65
555,Naryan-Mar,RU,2022-06-18 19:27:41,67.6713,53.087,52.9,87,74,7.11
556,Bandundu,CD,2022-06-18 19:27:42,-3.3167,17.3667,77.97,49,100,1.05
557,Shelburne,CA,2022-06-18 19:27:42,44.0787,-80.2041,60.12,40,0,20.31
558,Verkhnevilyuysk,RU,2022-06-18 19:27:42,63.4453,120.3167,55.83,70,100,5.37
559,Tacoronte,ES,2022-06-18 19:28:43,28.4769,-16.4102,71.46,80,40,20.71
560,Imbituba,BR,2022-06-18 19:28:43,-28.24,-48.6703,61.86,70,0,3.0
561,Kenai,US,2022-06-18 19:28:44,60.5544,-151.2583,63.03,56,100,10.36
562,Ornskoldsvik,SE,2022-06-18 19:28:44,63.2909,18.7153,54.01,68,50,12.24
563,Hun,LY,2022-06-18 19:28:44,29.1268,15.9477,85.14,20,0,6.98
564,Smithfield,US,2022-06-18 19:28:45,41.922,-71.5495,70.18,57,75,8.05
565,Sacama,EC,2022-06-18 19:28:45,-3.9,-79.2667,59.02,60,75,13.8
566,Aykhal,RU,2022-06-18 19:28:46,66.0,111.5,54.36,82,100,12.03
567,Dubbo,AU,2022-06-18 19:28:46,-32.25,148.6167,39.33,93,2,10.36
568,Tomatlan,MX,2022-06-18 19:28:46,19.9333,-105.25,92.48,43,100,10.56
569,Tshela,CD,2022-06-18 19:28:47,-4.9833,12.9333,66.79,87,99,2.42
570,Kirkwall,GB,2022-06-18 19:28:47,58.9848,-2.9587,51.85,87,75,21.85
571,Wuwei,CN,2022-06-18 19:28:48,37.9281,102.6414,70.61,29,100,8.16
572,Cabo San Lucas,MX,2022-06-18 19:28:48,22.8909,-109.9124,89.62,65,20,11.5
573,Manzini,SZ,2022-06-18 19:28:48,-26.25,31.5,63.72,32,0,3.58
574,Lodwar,KE,2022-06-18 19:28:49,3.1191,35.5973,86.13,35,100,11.43
